"","V1","V2"
"1",9802,1679
"2",7930,7316
"3",6544,6097
"4",3772,2520
"5",10703,2168
"6",9317,7571
"7",3774,3624
"8",9319,2416
"9",9321,4599
"10",3777,3962
"11",5164,9488
"12",7936,3553
"13",3781,2839
"14",2873,2385
"15",8417,1571
"16",3782,3061
"17",7943,8603
"18",10716,6578
"19",9334,4462
"20",6563,4181
"21",5646,7340
"22",6564,4059
"23",7950,2652
"24",3793,2176
"25",6566,4453
"26",5181,9520
"27",2409,2473
"28",3795,2678
"29",7954,8629
"30",9340,4608
"31",3797,7129
"32",3799,3590
"33",3799,3801
"34",9805,7906
"35",7961,8659
"36",9347,6118
"37",3803,7873
"38",7962,9922
"39",7965,2629
"40",6580,4438
"41",6580,7841
"42",6581,4148
"43",9354,1410
"44",7034,7817
"45",7970,2172
"46",5198,9521
"47",2427,8605
"48",7973,7294
"49",5201,9640
"50",5201,9703
"51",5201,10027
"52",2432,1977
"53",7977,2046
"54",3819,3637
"55",6591,7153
"56",7980,7313
"57",9366,4299
"58",5208,3739
"59",6595,6764
"60",3823,4111
"61",6595,4126
"62",3829,2527
"63",6601,4775
"64",9373,2091
"65",3833,2773
"66",6605,2995
"67",9378,6164
"68",9380,7586
"69",9382,4654
"70",7997,3408
"71",7997,8746
"72",6611,6751
"73",9384,4371
"74",5228,9744
"75",9387,6134
"76",9388,7542
"77",8004,7114
"78",9392,2140
"79",9393,7742
"80",6622,4792
"81",3850,1881
"82",10781,2223
"83",8009,8810
"84",9810,8360
"85",2880,2357
"86",4266,9479
"87",5238,10012
"88",9397,7572
"89",8011,8728
"90",3855,3228
"91",6630,3131
"92",6630,1119
"93",9402,6103
"94",8017,2638
"95",9405,6075
"96",5247,6688
"97",4267,1385
"98",3862,4133
"99",6634,6683
"100",8020,8907
"101",5252,6554
"102",8025,9004
"103",9412,2083
"104",5255,7839
"105",2783,2350
"106",6941,7872
"107",9812,8451
"108",9812,4536
"109",6645,4061
"110",8031,8840
"111",3875,4044
"112",8034,8956
"113",3877,2915
"114",6651,6662
"115",9424,7554
"116",2883,3301
"117",6654,4278
"118",8043,7175
"119",3886,4024
"120",8044,7305
"121",6659,3122
"122",5274,3957
"123",3888,2961
"124",6661,6769
"125",3889,8004
"126",8055,7262
"127",9441,4748
"128",9443,7543
"129",8057,10064
"130",9444,6199
"131",5288,9016
"132",9447,7314
"133",6676,4618
"134",9449,2113
"135",6678,3899
"136",3910,5139
"137",5297,8791
"138",4272,8257
"139",8071,7268
"140",8071,9924
"141",9457,5924
"142",9458,7849
"143",6688,6799
"144",2531,2194
"145",9461,6484
"146",3918,7131
"147",3919,3644
"148",8077,8686
"149",5307,6891
"150",9467,2074
"151",8081,8710
"152",5309,6818
"153",10853,1916
"154",3924,2315
"155",6696,4360
"156",9468,7506
"157",5310,7543
"158",10855,2229
"159",2540,2316
"160",5312,4368
"161",9818,4318
"162",8090,8567
"163",3933,4282
"164",3935,2783
"165",3936,1839
"166",2550,7901
"167",6708,3884
"168",2551,2425
"169",3937,7908
"170",9485,4522
"171",8099,9941
"172",4275,4050
"173",4275,4039
"174",2889,1945
"175",3943,2610
"176",8102,10048
"177",8103,9839
"178",3947,2568
"179",5336,7722
"180",5336,6920
"181",8109,7262
"182",5337,7675
"183",8109,8881
"184",9496,2039
"185",3955,8717
"186",5343,7987
"187",5344,3774
"188",8116,9959
"189",2574,2207
"190",9821,7543
"191",3962,8074
"192",10892,2397
"193",5349,6832
"194",3963,3872
"195",2579,1125
"196",3965,2464
"197",9510,6250
"198",3966,3304
"199",8124,9863
"200",3967,4115
"201",9512,7448
"202",3968,2528
"203",6742,6780
"204",9514,5894
"205",10901,2241
"206",7050,2650
"207",8130,8875
"208",3974,9903
"209",3976,4066
"210",8136,8920
"211",8136,8971
"212",3979,2605
"213",8137,9994
"214",8137,10017
"215",10910,2291
"216",10910,3987
"217",5367,6928
"218",2893,7542
"219",8143,9181
"220",2599,3826
"221",5372,6907
"222",5374,7623
"223",2602,3837
"224",6761,7809
"225",3990,8113
"226",9535,4123
"227",5379,7790
"228",9539,6183
"229",9540,2047
"230",5382,7565
"231",8155,9943
"232",8156,9841
"233",9544,7488
"234",10933,3964
"235",9548,6358
"236",8162,9471
"237",4004,3115
"238",8162,9032
"239",5391,1626
"240",5392,6999
"241",4008,3384
"242",9552,2053
"243",4008,1474
"244",4008,3783
"245",6781,3302
"246",9553,4531
"247",9553,6116
"248",4009,8152
"249",8168,9354
"250",5396,6840
"251",5668,2471
"252",8170,7333
"253",4012,9818
"254",9558,8651
"255",5402,7690
"256",5405,6894
"257",4020,1758
"258",10951,2274
"259",4283,8297
"260",10952,2233
"261",8180,9961
"262",5409,6974
"263",5410,7266
"264",2639,2256
"265",8183,7300
"266",8184,7246
"267",2640,3691
"268",4026,2992
"269",8185,7282
"270",6800,6915
"271",8186,10003
"272",6801,3931
"273",4030,1766
"274",6802,7827
"275",1512,3060
"276",4032,8058
"277",9576,8459
"278",2647,3651
"279",8192,9779
"280",5421,1566
"281",4037,3801
"282",2652,3827
"283",9582,7901
"284",4039,8179
"285",4039,1563
"286",5425,7001
"287",6812,7930
"288",2655,3839
"289",4285,4024
"290",4285,1466
"291",8201,9560
"292",2658,3758
"293",8203,9719
"294",5432,7209
"295",5432,6916
"296",8205,9033
"297",9592,1959
"298",8207,9004
"299",2900,2367
"300",8211,2664
"301",5440,7181
"302",5441,6929
"303",5442,6943
"304",6829,1224
"305",8216,9754
"306",2672,3752
"307",8216,9171
"308",4060,1527
"309",5446,1557
"310",4061,9959
"311",1515,6146
"312",2676,2189
"313",8223,9360
"314",6837,4090
"315",8223,8040
"316",4068,2553
"317",8227,9693
"318",2683,2111
"319",4070,1439
"320",9614,1931
"321",5461,7422
"322",9619,4600
"323",4076,2521
"324",6848,7876
"325",4078,1181
"326",6850,3868
"327",11010,2304
"328",8238,9412
"329",4081,3253
"330",4289,4165
"331",9833,8446
"332",4289,1440
"333",2696,2250
"334",5468,7111
"335",6855,7366
"336",4084,8193
"337",2699,2156
"338",8246,9518
"339",6861,7851
"340",11019,4976
"341",4090,8256
"342",9634,8484
"343",4090,9511
"344",4091,2021
"345",9834,2410
"346",8252,9621
"347",5480,7149
"348",8253,9392
"349",4095,9497
"350",2711,3747
"351",8258,7384
"352",8258,9457
"353",8258,2657
"354",8258,9011
"355",4101,4086
"356",11032,2290
"357",4102,3098
"358",8261,2681
"359",4104,4129
"360",8263,7321
"361",9652,6393
"362",6880,7901
"363",8268,9168
"364",2906,4076
"365",9836,2068
"366",8450,2658
"367",9656,2011
"368",2728,2236
"369",1524,6188
"370",2912,3337
"371",8457,9590
"372",9843,7618
"373",9844,5990
"374",4303,1439
"375",4303,3803
"376",4304,1266
"377",2919,2422
"378",4307,3135
"379",8331,2663
"380",4308,3990
"381",9853,1860
"382",9854,2213
"383",4310,3856
"384",2926,4076
"385",4314,3674
"386",4316,4165
"387",4317,9421
"388",7090,4427
"389",4319,2155
"390",5705,7932
"391",2934,4242
"392",2934,4252
"393",7092,8117
"394",4321,2792
"395",1550,2704
"396",5712,1301
"397",4326,8393
"398",8484,7112
"399",8484,7134
"400",2789,2378
"401",9719,2581
"402",1556,4047
"403",9872,1765
"404",4329,1423
"405",9873,4819
"406",1558,3135
"407",9874,5709
"408",1559,6172
"409",2950,4236
"410",2950,3263
"411",5723,8144
"412",1404,6202
"413",2790,2269
"414",1566,6070
"415",5724,7427
"416",2953,3404
"417",4341,8288
"418",4341,8319
"419",4342,4206
"420",5728,6384
"421",4342,4006
"422",2957,4337
"423",4346,3822
"424",1575,3393
"425",4347,2618
"426",5563,7665
"427",8335,2688
"428",2962,2411
"429",2965,2363
"430",2967,4337
"431",7125,8047
"432",9899,4423
"433",2969,2529
"434",6950,8563
"435",2972,4283
"436",9906,6322
"437",9906,8096
"438",1590,6116
"439",4362,3982
"440",5749,7518
"441",7136,8522
"442",4366,4088
"443",4367,8991
"444",5565,7556
"445",9913,1856
"446",4370,2715
"447",9916,7583
"448",1602,6168
"449",1602,3273
"450",4375,4206
"451",2989,2438
"452",7147,4075
"453",9919,1759
"454",4377,2673
"455",4379,2644
"456",7152,7145
"457",4381,2744
"458",7153,3993
"459",4382,8385
"460",2999,2611
"461",4390,1394
"462",3006,4510
"463",1624,6194
"464",9941,8444
"465",5568,7247
"466",4398,4064
"467",4398,2711
"468",9944,8380
"469",3014,3359
"470",1628,2570
"471",3016,2784
"472",4403,9415
"473",4403,8142
"474",3020,3285
"475",4406,8396
"476",4407,4179
"477",5793,8051
"478",9952,4857
"479",4410,4209
"480",9954,7792
"481",9955,8385
"482",9955,5865
"483",4413,3185
"484",7186,7128
"485",5800,8001
"486",5802,6283
"487",4416,8445
"488",6956,7848
"489",3033,4088
"490",9965,4382
"491",4422,9194
"492",9966,6762
"493",3038,8313
"494",3038,2783
"495",3039,4685
"496",7197,3976
"497",9970,7630
"498",4185,3698
"499",6957,7987
"500",1656,3350
"501",3042,2612
"502",4429,5085
"503",4430,2232
"504",4430,3797
"505",7205,8221
"506",1662,3431
"507",3049,2408
"508",3049,2472
"509",9730,5877
"510",9983,8346
"511",3053,4721
"512",9984,1505
"513",9985,4844
"514",3057,4749
"515",5831,6422
"516",3060,7458
"517",4187,8249
"518",8345,2653
"519",3062,2281
"520",7220,3750
"521",4448,3804
"522",9994,7768
"523",9995,8380
"524",3065,2388
"525",4451,1909
"526",4453,1433
"527",9997,7955
"528",8614,2732
"529",1684,8919
"530",1685,4054
"531",4457,1625
"532",3071,2686
"533",8346,9180
"534",4188,8189
"535",9732,8338
"536",9732,8413
"537",6960,1836
"538",8616,7304
"539",10004,8350
"540",3074,3523
"541",5846,7883
"542",3076,2440
"543",10006,4747
"544",8621,6934
"545",4464,2508
"546",1693,4083
"547",8347,7215
"548",3083,7367
"549",7242,7089
"550",5856,6385
"551",7242,8676
"552",5857,6477
"553",4472,9375
"554",5861,6640
"555",8634,2762
"556",9734,7497
"557",3092,3229
"558",4478,2798
"559",3096,2537
"560",3096,4737
"561",4482,3911
"562",4484,4158
"563",8642,2083
"564",5870,7835
"565",10029,8628
"566",8643,2886
"567",3101,3271
"568",3102,7284
"569",3102,3337
"570",3103,2399
"571",10033,7723
"572",3104,2547
"573",4492,8713
"574",5879,6130
"575",5880,6719
"576",7268,8194
"577",10040,8398
"578",7268,3749
"579",4497,2638
"580",10043,8172
"581",5885,6396
"582",1727,4116
"583",4503,3922
"584",4503,2984
"585",4504,1712
"586",4193,1375
"587",1736,6121
"588",7281,8250
"589",3123,2710
"590",10055,1850
"591",10056,7528
"592",3127,3258
"593",10057,8150
"594",7286,3764
"595",8352,9098
"596",5904,6333
"597",7290,4327
"598",4520,3668
"599",1749,2063
"600",5907,6657
"601",3136,2584
"602",8681,7266
"603",5909,6639
"604",1753,6272
"605",7297,3803
"606",1754,1347
"607",1754,2111
"608",4527,3632
"609",5581,7292
"610",4528,4050
"611",4530,8260
"612",10074,4289
"613",4530,2751
"614",10074,4795
"615",10075,4904
"616",7304,1266
"617",5920,7907
"618",5923,6655
"619",1424,6072
"620",3152,3416
"621",8696,6876
"622",4540,8380
"623",1768,2425
"624",7313,8252
"625",3155,3376
"626",4542,9350
"627",7315,4364
"628",1771,2350
"629",7316,8278
"630",3158,2548
"631",5931,6199
"632",3159,6553
"633",4545,3670
"634",3159,6904
"635",1775,3516
"636",8355,7361
"637",10092,4817
"638",5935,6711
"639",8707,7827
"640",8709,7389
"641",5941,6995
"642",8714,2294
"643",5942,6639
"644",10100,7926
"645",5943,6169
"646",3171,7126
"647",4162,4123
"648",4198,1392
"649",1786,2436
"650",1788,4101
"651",4560,8977
"652",3175,2874
"653",4562,8407
"654",8720,2879
"655",5948,6004
"656",7335,4064
"657",3178,2494
"658",3178,7113
"659",10109,1831
"660",1794,2564
"661",3181,6464
"662",4199,9516
"663",10113,4773
"664",3185,7369
"665",3185,2541
"666",4572,5166
"667",1800,3572
"668",4573,4054
"669",7346,8256
"670",8732,2800
"671",8732,6931
"672",10119,4825
"673",5586,7253
"674",4200,8158
"675",1806,4041
"676",3193,7243
"677",1807,2352
"678",3193,3626
"679",3194,6809
"680",3194,7138
"681",5966,7910
"682",4581,2647
"683",3196,7159
"684",4586,1460
"685",1815,5975
"686",4201,7453
"687",9745,4806
"688",10133,2033
"689",4589,2367
"690",8747,5614
"691",8747,6698
"692",5975,6757
"693",10135,1831
"694",5979,6846
"695",4594,3280
"696",9746,4747
"697",1430,2999
"698",5984,6337
"699",4598,2709
"700",5984,5996
"701",4599,2989
"702",5986,6065
"703",7372,3753
"704",3215,3524
"705",5987,6722
"706",5987,6958
"707",5988,6300
"708",7375,3548
"709",3218,1171
"710",3218,3310
"711",3219,7242
"712",3220,3286
"713",8765,8148
"714",1431,6100
"715",4608,2666
"716",5994,6799
"717",10153,4742
"718",1838,4048
"719",8768,6722
"720",3225,7282
"721",3225,3646
"722",8770,2858
"723",3228,2332
"724",7386,8848
"725",3230,2541
"726",10162,1858
"727",3233,2567
"728",4619,2617
"729",8777,6761
"730",10164,1824
"731",10165,4405
"732",6008,6024
"733",4205,2591
"734",8786,5283
"735",4628,1415
"736",4629,8329
"737",4629,7844
"738",8787,7969
"739",6017,6571
"740",3245,3616
"741",4634,2587
"742",10179,4782
"743",3250,3672
"744",9750,4856
"745",6978,7950
"746",4638,7255
"747",4638,7738
"748",1867,2362
"749",8802,6628
"750",4644,7865
"751",3259,2565
"752",4207,4275
"753",3262,1043
"754",4648,2894
"755",4650,2205
"756",3265,7293
"757",4651,4091
"758",4651,3975
"759",4652,4066
"760",6039,6526
"761",8811,7983
"762",8812,2996
"763",1883,2180
"764",4655,3998
"765",1884,2305
"766",10200,4687
"767",3271,1179
"768",2777,3756
"769",8816,7840
"770",4661,8402
"771",3276,2224
"772",1890,4126
"773",8823,6634
"774",4666,2110
"775",8825,7979
"776",1437,6198
"777",4668,2479
"778",7441,3686
"779",8829,7869
"780",10217,8492
"781",1902,3691
"782",1903,3675
"783",7449,3758
"784",2824,2247
"785",2824,2308
"786",4678,1257
"787",1906,2334
"788",4679,3270
"789",6065,6325
"790",8837,2959
"791",4684,9371
"792",8369,7212
"793",4688,1601
"794",4689,2742
"795",4689,2820
"796",3306,2513
"797",7466,7253
"798",10238,4599
"799",8853,3057
"800",8853,6472
"801",8854,1236
"802",4696,4072
"803",8370,2692
"804",3313,7514
"805",3313,3572
"806",4700,2398
"807",6086,6517
"808",3315,2636
"809",4702,1626
"810",4704,8362
"811",6091,3333
"812",10251,1806
"813",8371,9178
"814",4213,3792
"815",4710,9303
"816",1939,5527
"817",10256,1885
"818",3327,7324
"819",3327,7395
"820",8872,6389
"821",4714,3862
"822",1944,2791
"823",4717,8329
"824",3333,3644
"825",4720,2716
"826",4720,3887
"827",3335,7464
"828",4721,2814
"829",1950,6078
"830",1951,2339
"831",4725,3081
"832",3340,1039
"833",8884,6501
"834",3341,2614
"835",4728,2753
"836",6114,6967
"837",4729,4001
"838",3344,6726
"839",10275,4356
"840",4733,8171
"841",8891,6666
"842",6119,7762
"843",4736,3940
"844",9760,8469
"845",3352,3657
"846",3356,2390
"847",10286,4596
"848",3362,8443
"849",3362,7437
"850",7520,3784
"851",3362,7007
"852",4749,3450
"853",4750,2446
"854",4751,3790
"855",3365,3826
"856",8911,7825
"857",4753,1790
"858",4756,8318
"859",8914,5681
"860",7530,8290
"861",4760,3121
"862",1989,2506
"863",1989,3847
"864",3375,2936
"865",6150,7085
"866",3378,2896
"867",4765,9342
"868",6151,7781
"869",4766,1485
"870",8925,6123
"871",4219,1617
"872",4768,2277
"873",7540,8348
"874",1996,2391
"875",4769,3668
"876",7542,7255
"877",4770,2326
"878",7543,1943
"879",6158,7730
"880",4776,2300
"881",2004,6001
"882",2005,6030
"883",8378,1205
"884",9764,7426
"885",9764,1888
"886",3393,2547
"887",10324,8631
"888",4780,2846
"889",10324,4125
"890",6168,8320
"891",3396,7510
"892",4782,2733
"893",2011,5884
"894",8942,8304
"895",7556,3438
"896",3398,2441
"897",4785,2624
"898",9765,8430
"899",2016,2213
"900",2016,2874
"901",4788,1967
"902",2016,6025
"903",6176,6182
"904",4791,2336
"905",4793,3962
"906",10338,4469
"907",4795,2791
"908",4796,3645
"909",6182,6000
"910",9766,7519
"911",4798,3011
"912",4799,3061
"913",4800,2235
"914",7573,7229
"915",7575,8311
"916",7575,8352
"917",2031,5978
"918",10348,4367
"919",10348,8655
"920",4804,2096
"921",2034,5678
"922",7579,3523
"923",4807,3733
"924",4807,3118
"925",10352,4507
"926",4808,2850
"927",7582,3412
"928",4810,2889
"929",7585,7266
"930",4813,2521
"931",4816,2740
"932",2047,6003
"933",4820,9324
"934",4820,2867
"935",4821,2336
"936",8979,2938
"937",7594,3307
"938",10366,4354
"939",4823,2042
"940",10368,4487
"941",4825,2071
"942",4826,3206
"943",3440,7877
"944",6212,5976
"945",4827,2206
"946",10373,4276
"947",4830,2140
"948",6216,6994
"949",4833,3427
"950",7605,3094
"951",3447,6767
"952",8992,7478
"953",3448,3688
"954",6220,7737
"955",4835,2258
"956",3449,3511
"957",3450,2625
"958",4838,2842
"959",2066,2990
"960",6225,6687
"961",4840,3120
"962",4844,6791
"963",3458,6931
"964",4227,2954
"965",1455,4011
"966",6999,8047
"967",7620,7244
"968",2076,2275
"969",3462,3723
"970",10394,1917
"971",3466,3735
"972",4856,6756
"973",4859,2211
"974",3475,7727
"975",3476,1163
"976",7635,8397
"977",4863,4124
"978",7637,8329
"979",4865,2799
"980",3480,5169
"981",4866,3061
"982",4229,1301
"983",4229,8743
"984",3483,1712
"985",3484,2600
"986",10415,6504
"987",2100,2224
"988",4872,3244
"989",4872,2901
"990",4873,8308
"991",7646,3783
"992",4875,2153
"993",4875,9332
"994",9033,1689
"995",4877,3388
"996",4230,3452
"997",4878,2179
"998",6265,7016
"999",3494,3766
"1000",4881,3079
"1001",7653,8919
"1002",6269,6117
"1003",7657,3245
"1004",4885,1658
"1005",6271,6782
"1006",10429,1965
"1007",7657,3003
"1008",7658,8374
"1009",4886,3007
"1010",7661,3256
"1011",6277,6038
"1012",3506,7567
"1013",3506,2610
"1014",4893,3201
"1015",4894,3574
"1016",4896,9349
"1017",4897,3428
"1018",9776,7434
"1019",7670,7235
"1020",3512,2240
"1021",3512,3692
"1022",2127,1608
"1023",6285,7782
"1024",9058,1629
"1025",4900,2816
"1026",6288,6148
"1027",3516,3655
"1028",10446,1930
"1029",7677,3770
"1030",3521,7646
"1031",7679,3102
"1032",9066,4586
"1033",10453,2041
"1034",4909,3387
"1035",7683,2778
"1036",4916,9360
"1037",4916,2714
"1038",4917,3277
"1039",10463,4281
"1040",4919,3374
"1041",10466,4324
"1042",4922,3344
"1043",10471,2054
"1044",4928,8266
"1045",3542,2727
"1046",4929,8378
"1047",6315,6118
"1048",7702,4149
"1049",9090,2904
"1050",4933,9883
"1051",6319,7006
"1052",4934,3168
"1053",4936,3327
"1054",4937,3310
"1055",10481,1844
"1056",4236,8277
"1057",2850,3896
"1058",4938,3506
"1059",4938,3825
"1060",3553,1265
"1061",7711,7325
"1062",7711,2990
"1063",4940,3239
"1064",7712,8423
"1065",7712,3916
"1066",3555,2741
"1067",7714,8402
"1068",3557,2681
"1069",6329,7758
"1070",7718,7242
"1071",4946,2251
"1072",4946,2305
"1073",4947,3203
"1074",4948,2819
"1075",10494,4329
"1076",7722,3832
"1077",3564,3853
"1078",4951,6896
"1079",10495,1887
"1080",6339,6272
"1081",4954,3502
"1082",4955,3552
"1083",4166,4026
"1084",9710,6390
"1085",9782,8407
"1086",2852,2454
"1087",4958,3406
"1088",4958,3442
"1089",4958,3114
"1090",4962,3480
"1091",9121,9210
"1092",6349,5214
"1093",4963,7799
"1094",9122,4290
"1095",3578,3819
"1096",3579,7458
"1097",7738,4158
"1098",6355,6065
"1099",6356,6241
"1100",10515,2098
"1101",7744,8396
"1102",10516,1664
"1103",6359,6266
"1104",6360,3425
"1105",3588,3874
"1106",9133,2322
"1107",3589,4083
"1108",7749,8426
"1109",9135,2414
"1110",9135,4552
"1111",3591,3785
"1112",6363,4968
"1113",2854,2130
"1114",9138,9178
"1115",10524,4182
"1116",7752,8460
"1117",3595,7344
"1118",4981,3426
"1119",9140,7738
"1120",7755,7297
"1121",4984,3488
"1122",10528,7728
"1123",4984,7024
"1124",7757,7335
"1125",10529,7512
"1126",2214,7906
"1127",9145,2380
"1128",2855,2416
"1129",7013,7944
"1130",3602,7418
"1131",4990,3368
"1132",10535,4203
"1133",3605,7661
"1134",6378,6433
"1135",9150,4499
"1136",3606,2512
"1137",3606,3821
"1138",4993,3231
"1139",4994,3540
"1140",6380,4807
"1141",3609,3222
"1142",6381,4855
"1143",6382,5195
"1144",4996,7081
"1145",4996,9475
"1146",3611,3842
"1147",4242,2142
"1148",1470,2731
"1149",10542,6479
"1150",3612,3616
"1151",4999,3260
"1152",10544,6413
"1153",5001,3376
"1154",9159,2406
"1155",7773,3724
"1156",5003,3283
"1157",10547,2042
"1158",9161,4588
"1159",7776,8578
"1160",6392,4916
"1161",6393,1529
"1162",4243,3871
"1163",2242,2174
"1164",6401,6202
"1165",3630,2638
"1166",3630,3966
"1167",6402,5000
"1168",6405,6379
"1169",5019,3408
"1170",9177,2587
"1171",7792,7271
"1172",5022,7011
"1173",7795,2914
"1174",6411,6254
"1175",7798,7381
"1176",9185,2388
"1177",6414,4462
"1178",6414,1934
"1179",5030,9434
"1180",5030,8143
"1181",6417,6945
"1182",7807,2760
"1183",2265,2322
"1184",2860,2255
"1185",9790,1991
"1186",6426,4347
"1187",7817,2850
"1188",4247,8251
"1189",9791,4269
"1190",7820,2894
"1191",3666,2686
"1192",9210,8001
"1193",9213,2335
"1194",9215,4505
"1195",2285,1526
"1196",6443,4586
"1197",9217,2364
"1198",9217,2473
"1199",3675,3055
"1200",2289,2056
"1201",3675,1443
"1202",9222,4534
"1203",7836,2820
"1204",6451,4465
"1205",9223,7613
"1206",3679,3803
"1207",7838,7273
"1208",6452,6774
"1209",6453,6444
"1210",4249,4255
"1211",4249,4124
"1212",5068,9498
"1213",6455,6475
"1214",3683,7827
"1215",9228,2298
"1216",2300,2231
"1217",6458,4294
"1218",6462,6947
"1219",5077,8183
"1220",3691,3854
"1221",7022,3800
"1222",10623,6901
"1223",9239,2306
"1224",7854,4193
"1225",10627,2159
"1226",5083,2469
"1227",6472,6276
"1228",4251,4092
"1229",6474,4538
"1230",3703,7774
"1231",7862,2826
"1232",9250,7849
"1233",3709,7654
"1234",7869,3291
"1235",3711,3910
"1236",8410,2675
"1237",6484,4257
"1238",6484,4823
"1239",3714,4070
"1240",10644,6556
"1241",3714,7780
"1242",3714,2863
"1243",6488,6332
"1244",6489,4208
"1245",7875,8598
"1246",2332,2062
"1247",5106,5272
"1248",3721,3263
"1249",3722,2544
"1250",2338,2126
"1251",6496,6255
"1252",7883,7267
"1253",2345,5837
"1254",2868,4246
"1255",5640,1752
"1256",5118,3243
"1257",10666,1495
"1258",9280,4690
"1259",6509,4269
"1260",9281,4628
"1261",2352,2231
"1262",3739,7796
"1263",3740,2195
"1264",9284,7626
"1265",9285,2112
"1266",9799,7515
"1267",9286,2221
"1268",2357,2269
"1269",7901,8576
"1270",9287,7660
"1271",3743,7840
"1272",3745,7500
"1273",6517,6707
"1274",5131,8054
"1275",9290,4581
"1276",2362,2173
"1277",6521,7951
"1278",3751,4367
"1279",7909,3438
"1280",4256,2609
"1281",7028,7970
"1282",4256,4002
"1283",7910,7276
"1284",6525,4168
"1285",6525,6620
"1286",10684,2234
"1287",7912,8648
"1288",5142,5305
"1289",10686,6363
"1290",6529,6250
"1291",6530,4118
"1292",10692,1942
"1293",10693,2150
"1294",5149,9543
"1295",3764,2772
"1296",10697,6544
"1297",2382,2451
"1298",3768,2721
"1299",5154,8038
"1300",5155,9762
"1301",5156,9574
"1302",5156,9721
